{
	"top_left": [36, 32, 797, 356],
	"top_right": [36, 39, 8665, 321],
	"bottom_right": [32, 39, 8826, 5898],
	"bottom_left": [32, 32, 590, 5880],
	"standard_parallel_1": 33.333333,
	"standard_parallel_2": 38.666666,
	"reference_latitude": 36,
	"reference_longitude": 39
}