{
	"top_left": [40, 32, 1199, 475],
	"top_right": [40, 39, 8861, 430],
	"bottom_right": [36, 39, 9059, 6012],
	"bottom_left": [36, 32, 979, 6066],
	"standard_parallel_1": 33.333333,
	"standard_parallel_2": 38.666666,
	"reference_latitude": 36,
	"reference_longitude": 39
}